"DESCRIPTION","DURATION IN MS","NAME","PARENT SUITE","START TIME","STATUS","STOP TIME","SUB SUITE","SUITE","TEST CLASS","TEST METHOD"
"","0","70d704c5-b027-4133-b3fa-78753e40f6ed","","Tue Oct 28 12:36:42 IST 2025","passed","Tue Oct 28 12:36:42 IST 2025","","","",""
"","","locators.spec","","Mon Nov 24 20:59:19 IST 2025","unknown","","","","",""
"","0","dfe0df69-681c-4b98-89df-7fe633fcbdd6","","Mon Nov 24 21:36:10 IST 2025","passed","Mon Nov 24 21:36:10 IST 2025","","","",""
"","0","cmh3in91c0009bnablib61tpn","","Thu Oct 23 19:57:08 IST 2025","passed","Thu Oct 23 19:57:08 IST 2025","","","",""
"","0","fab859d4-8a4c-4756-964b-205735ab75fc","","Sun Oct 26 18:56:10 IST 2025","passed","Sun Oct 26 18:56:10 IST 2025","","","",""
"","","sam3","","Mon Nov 10 17:16:37 IST 2025","unknown","","","","",""
"","0","cmh3ixyis00037f4ycirobqhj","","Thu Oct 23 20:05:28 IST 2025","passed","Thu Oct 23 20:05:28 IST 2025","","","",""
"","","exam.spec","","Mon Nov 24 20:21:53 IST 2025","unknown","","","","",""
"","0","490c4c53-8246-47ec-99cd-6d8e61fc38e4","","Mon Nov 10 17:13:56 IST 2025","passed","Mon Nov 10 17:13:56 IST 2025","","","",""
"","0","e018a3aa-7de9-4067-ab3e-25b43122858e","","Mon Nov 10 00:00:26 IST 2025","passed","Mon Nov 10 00:00:26 IST 2025","","","",""
"","0","cmh4eakdm000do6enco2b3yzc","","Fri Oct 24 10:43:04 IST 2025","passed","Fri Oct 24 10:43:04 IST 2025","","","",""
"","0","106e8b81-adf4-4639-bad8-fbb2c8454fb1","","Tue Oct 28 12:37:33 IST 2025","passed","Tue Oct 28 12:37:33 IST 2025","","","",""
"","0","c777b1af-e31d-4c90-bd61-627f6fce1db3","","Sun Oct 26 18:40:07 IST 2025","passed","Sun Oct 26 18:40:07 IST 2025","","","",""
"","0","3692e116-d748-44dd-b53c-0be9e6c0717e","","Fri Oct 31 06:16:12 IST 2025","passed","Fri Oct 31 06:16:12 IST 2025","","","",""
"","0","7f45afa8-e997-437f-afc8-4331978911c6","","Mon Oct 27 14:28:15 IST 2025","passed","Mon Oct 27 14:28:15 IST 2025","","","",""
"","","locators.spec","","Mon Nov 24 21:06:05 IST 2025","unknown","","","","",""
"","","test123","","Mon Nov 10 12:21:45 IST 2025","unknown","","","","",""
"","1","cmh3e7ahs0005qx1uf45xkdtb","","Thu Oct 23 17:52:45 IST 2025","passed","Thu Oct 23 17:52:45 IST 2025","","","",""
"","0","52fe1b4f-5ec4-4a12-88cb-553f90e9ba0d","","Tue Oct 28 12:30:07 IST 2025","passed","Tue Oct 28 12:30:07 IST 2025","","","",""
"","0","651d5e7c-fb43-4380-b57b-fb385f6c6ba8","","Mon Oct 27 15:20:19 IST 2025","passed","Mon Oct 27 15:20:19 IST 2025","","","",""
"","0","b7071d3e-461a-4de6-87d2-08f65bcaf989","","Mon Nov 10 15:08:21 IST 2025","passed","Mon Nov 10 15:08:21 IST 2025","","","",""
"","0","be57eac5-eec8-4e0b-95dc-00faef7e7dbe","","Fri Oct 31 05:27:31 IST 2025","passed","Fri Oct 31 05:27:31 IST 2025","","","",""
"","0","1b1b0eb5-a66b-49df-8bb7-d10f4e144b81","","Thu Oct 30 22:19:25 IST 2025","passed","Thu Oct 30 22:19:25 IST 2025","","","",""
"","0","1ba07ffe-ea7e-45e5-9c8b-4dbf103f6b66","","Sun Oct 26 19:27:52 IST 2025","passed","Sun Oct 26 19:27:52 IST 2025","","","",""
"","","example6.spec","","Mon Nov 24 20:32:03 IST 2025","unknown","","","","",""
"","0","cmh3ea7w600013l7lz9sth2te","","Thu Oct 23 17:55:01 IST 2025","passed","Thu Oct 23 17:55:01 IST 2025","","","",""
"","","example1.spec (2)","","Thu Nov 13 13:59:12 IST 2025","unknown","","","","",""
"","","complexscript","","Mon Nov 10 16:29:37 IST 2025","unknown","","","","",""
"","0","cmh3id9mc0003bnabbi5bpjgp","","Thu Oct 23 19:49:22 IST 2025","passed","Thu Oct 23 19:49:22 IST 2025","","","",""
"","","example4.spec","","Mon Nov 24 20:51:12 IST 2025","unknown","","","","",""
"","0","389e7740-19a8-4ebd-a666-8378fe352f0e","","Sun Oct 26 18:51:17 IST 2025","passed","Sun Oct 26 18:51:17 IST 2025","","","",""
"","0","5f5afc92-440e-415b-8558-0bc0ac8ab300","","Tue Oct 28 12:31:15 IST 2025","passed","Tue Oct 28 12:31:15 IST 2025","","","",""
"","0","cmh4dg3wp0009o6enc5vu8lx2","","Fri Oct 24 10:19:23 IST 2025","passed","Fri Oct 24 10:19:23 IST 2025","","","",""
"","0","82d71641-3d8a-4acc-ad1c-566a8801d2bf","","Sat Oct 25 00:17:03 IST 2025","passed","Sat Oct 25 00:17:03 IST 2025","","","",""
"","0","9f8f759d-55f6-49c0-b814-450135e6d21e","","Sun Oct 26 17:34:25 IST 2025","passed","Sun Oct 26 17:34:25 IST 2025","","","",""
"","","exam.spec","","Mon Nov 24 18:09:21 IST 2025","unknown","","","","",""
"","0","d5879257-df81-490d-b7a1-b9eb591e5561","","Mon Nov 10 16:28:18 IST 2025","passed","Mon Nov 10 16:28:18 IST 2025","","","",""
"","0","f9609747-b489-4445-b926-3e970f23d1ef","","Fri Oct 31 06:10:52 IST 2025","passed","Fri Oct 31 06:10:52 IST 2025","","","",""
"","0","d09446c7-2403-4271-9c67-51de489f7d7e","","Fri Oct 31 06:10:52 IST 2025","passed","Fri Oct 31 06:10:52 IST 2025","","","",""
"","","locators.spec","","Mon Nov 24 21:03:05 IST 2025","unknown","","","","",""
"","","complexscript","","Mon Nov 10 16:06:27 IST 2025","unknown","","","","",""
"","0","92ec3b57-e264-4b35-a129-f48415124a27","","Wed Nov 26 15:41:36 IST 2025","failed","Wed Nov 26 15:41:36 IST 2025","","","",""
"","0","f98be279-b601-4f56-8cf0-a2c80d8d5d3c","","Tue Oct 28 17:05:52 IST 2025","passed","Tue Oct 28 17:05:52 IST 2025","","","",""
